Заголовок;Цена;Описание;Город
Производство готовых перевозных бань под ключ. спб в Санкт-Петербурге;79000;"Производство и доставка готовых бань из профилированного бруса в Санкт-Петербурге и Области под ключ по низким ценам!Внимание! Акция! Баня 4*2,3м под ключ всего за 80 000 руб.! Баня готова к использованию сразу после установки!Компания Баня Брус рада";Санкт-Петербург
Дома, бани, срубы, бытовки от производителя в Санкт-Петербурге;0;Компания Строй-Рус рада предложить ВАМ свои услуги, мы строим:1. СРУБЫ, ДОМА, БАНИ и другие изделия из оцилиндрованного бревна.Сруб 6х6 - 84.000 руб.2. БЫТОВКИ : строительные и дачные, деревянные и металлические, утеплённые, по любому эскизу. Бытовки от;Санкт-Петербург
Отделка бань саун монтаж дымоходов в Санкт-Петербурге;0;"3D - проектирование.Строительство финской и русской парной под ключподбор материала -комплектация всем необходимымсауна в квартире любых размероввнутренняя отделка бани монтаж дымохода любой сложности, установка печи";Санкт-Петербург
Строительство бань в Санкт-Петербурге;0;"Нами предлагаются индивидуальные условия для каждого клиента;Имеем возможность предоставить вам расширенную гарантию на строительные работы.Наши цены вас приятно удивят.Звоните";Санкт-Петербург
Демонтаж стен, рабочие, Вывезем мусорЗ31 в Санкт-Петербурге;0;"Рабочие всех специальностейДемонтаж Слом Снос УдалениеОпытные специалисты выполнят грамотный комплекс демонтажных работСнос пристроек сооружений строений построек навесовзданий и т.д.Демонтаж перегородокстен кладка из кирпича пеноблоков и т.д.Крыши";Санкт-Петербург
Готовые срубы бань и домов от собственника в Санкт-Петербурге;0;Продам срочно готовые срубы домов и бань. В наличии 2 бани размер 5,5 на 8,5, диаметр бревна от 40 см. А так же 3 дома размер 7,5 на 10,5 в два этажа , диаметр бревна от 50 см, рубка в чашу. Возможна рассрочка. Собственник Светлана.;Санкт-Петербург
Строительство бань в Санкт-Петербурге;0;Возведем баню по вашему желанию. Проекты индивидуальные. Звоните, будем рады вам помочь.;Санкт-Петербург
Строительство бань в Санкт-Петербурге;0;"Цены на наши услуги приемлемы и адекватны.· Помимо строительства мы предоставляем и сопутствующие услугиВыезд специалиста бесплатноЖдём ваших звонков";Санкт-Петербург
Делаем строительные услуги по внутренней обработке в Санкт-Петербурге;0;"Ведем строительные работы по полной отделке сруба, услуги по кровле различной сложности. Так же имеются скидки. Звоните.";Санкт-Петербург
Изготовление лестниц в Санкт-Петербурге;0;Опытные русские плотники изготовят все виды лестниц из любых пород древесины, от замера до полного монтажа 3-4 дня! Гарантия качества, антикризисные цены, звоните!;Санкт-Петербург
Бани и Дома по вашим размерам в Санкт-Петербурге;0;"Бани и Дома по вашим проектам Изготовление бань и домов разных размеров Давно работаем на рынке Лес с Севера!!!! Выезжает наша бригада мастеров и все ставит!!!!Все обсуждаемо!!! Строим дома!!!!Срубы бань за 2 дня !!!!!";Санкт-Петербург
Строительство домов в Санкт-Петербурге;0;"Наши цены ниже чем везде!Звоните, если решили строить дом с нами или просто нужен совет или рекомендация.Звоните";Санкт-Петербург
Качественно и грамотно строим Дома Бани и т. д в Санкт-Петербурге;0;Грамотная и местная бригада опытных Плотников универсалов по загородному строительству с большим опытом и рекомендациями готовы качественно с гарантией и точные сроки выполнить любое загородное Строительство Реконструкцию Отделку загородного строения люб;Санкт-Петербург
Сауны в Санкт-Петербурге;0;сауны на любой вкус высокое качество гарантия опыт боле 10 лет.вопросы по тел.;Санкт-Петербург
Строительство домов из бруса под усадку в Санкт-Петербурге;4000;"Мы cтроим дома из дерева, делаем отделки. Все это официально, по договору и с гарантией. Помимо строительства индивидуальных домов, осуществляется строительство бань, беседок, гаражей, заборов. Наружная и внутренняя отделкаРаботаем по договору, даем г";Санкт-Петербург
Строительство Бань в Санкт-Петербурге;0;"Строим Бани! Быстро, качественно и за умеренную плату! В комплект бани входит:- сруб из бруса;- обработка антисептиком;- утепление (потолок, пол, швов);- крыша двускатная, покрытие – металлочерепица;- заполнение проемов: оконные блоки, двери (согла";Санкт-Петербург
Строим Бани в Санкт-Петербурге;150000;"Строим Бани! Быстро, качественно и за умеренную плату! В комплект бани входит:- сруб из бруса;- обработка антисептиком;- утепление (потолок, пол, швов);- крыша двускатная, покрытие – металлочерепица;- заполнение проемов: оконные блоки, двери (согла";Санкт-Петербург
Продается сруб бани 12.4х9.8 с мансардой в Санкт-Петербурге;530000;Сруб бани 12.4х9.8 с мансардойДиаметр бревна от 18 до 30 смВысоту, диаметр бревна можно изменить, так же можем разработать индивидуальный проект, исходя из предпочтений заказчика.Технологии строительства:- оциллиндровка- ручная рубка- профелированный бру;Санкт-Петербург
Деревянные дома, бани в Санкт-Петербурге;7000;"Построим дом, баню из профилированного бруса или по каркасной технологии на Вашем участке под ключ. Качественные материалы! Большой выбор проектов! Собственная производственная база.Работаем без предоплаты! Опытные, квалифицированные плотники. Гарантия";Санкт-Петербург
Строительство бань в Санкт-Петербурге;0;"Наши строительные бригады во главе с опытными прорабами изготовят и установят баню, вашей мечты.Звоните, цены понравятся каждому клиенту.";Санкт-Петербург
"Бани и сауны &quot;под ключ&quot; в Санкт-Петербурге";0;Мастера России. Быстро, качественно и за умеренную плату. Юго-Западные районы Санкт-Петербурга и Ленинградской области.;Санкт-Петербург
Срубы, дома, бани в Санкт-Петербурге;0;Материал: хвоя (сосна, ель). Срок изготовления 1-4 недели. в стандартный комплект входят: коробка, лаги, стропила, + доска на обрешётку. Так же делаем все под ключ... Производство в Ломоносовском р-не. Опытная бригада.Работаем по договору.;Санкт-Петербург
Cтроительство саун под ключ в Санкт-Петербурге;0;строительство саун под ключ;Санкт-Петербург
"Баня 2.3х6/2.3х7.0м &quot;под ключ&quot; - за 4 дня, доставк в Санкт-Петербурге";156000;"сруб из бруса хвойного профилированного 100*150 ммотделка — строганный брус(снята фаска), парная (осиновая вагонка)утепление (потолок, пол), кроме пола в помывочной— утепление швов джутом— парная обшита осиновой вагонкой категрии ""А"" , под вагонкой о";Санкт-Петербург
Строительство деревянных домов бань в Санкт-Петербурге;0;Бригада опытных плотников из Вологды изготовит, доставит и соберёт сруб бани, дома любой сложности по вашему проекту. Строим щитовые дома, дома из профилированного, клеенного бруса, оцилиндрованного бревна, рубка домов, бань под рубанок. Большой опыт раб;Санкт-Петербург
Срубы домв и бань из бревна в Санкт-Петербурге;39000;"Изготавливаем качественные срубы из окорённого и строганного бревна.Срубы бань от 39 т.р.Срубы домов от 115 т.р.";Санкт-Петербург
Бурение скважин на воду в Санкт-Петербурге;0;"ЗВОНИТЕ 9894416 1 990 РУБЛЕЙ ЗА МЕТР ГОТОВОЙ СКВАЖИНЫ: РАЗВЕДКА + ТРУБА ПНД 128/7ММ + ФИЛЬТР (3 МЕТРА) + ПРОМЫВКА.ЗВОНИТЕ-ПРИЕДЕМ В ЛЮБОЕ ВРЕМЯ-989-44-16";Санкт-Петербург
Строим бани под ключ в Санкт-Петербурге;0;"Приходите к нам и выбирайте понравившийся проект или создавайте свой собственный - уникальный. Мы обязуемся в кратчайшие сроки спроектировать и возвести его. Работаем открыто - без каких либо теневых смет. Качество гарантируем.";Санкт-Петербург
Построим баню в Санкт-Петербурге;0;"В отличие от наших конкурентов у нас в компании нет никаких посредников, прорабов, агентов, или менеджеров, тормозящих решение вопросов. Весь штат — это мастера, несколько технологов и директор.Работаем без выходных";Санкт-Петербург
Беседка из бруса 100x100 в Санкт-Петербурге;55000;"Построим беседку в Лен. обл. 2,5*2,5из бруса 100*100 + стол (возможно брус 150*150, 200*200)В стоимость входит весь материал + Металлочерепица на кровлю + пропитка .Доставка материалов дополнительно, в зависимости от удаленности.Срок строительства 3 д";Санкт-Петербург
Сруб бани из бревна в Санкт-Петербурге;330000;"Сруб бани 6 на 8 пятистенок с теплым тамбуром и террасой, высотой 2,2 + рубленные фронтоны. Ручная рубка в ""чашу"" из бревна 22-24 см. обработанного рубанком.Возможны другие варианты сруба бани по вашему пожеланию.Помощь в доставке. Изготовление фундам";Санкт-Петербург
Каркасные дома, бани за 1 день в Санкт-Петербурге;130000;Производим Бани под ключ с печкой, электропроводкой, доставкой. Без посредников. Также строим каркасные дома. Низкие цены.;Санкт-Петербург
Бригада Русских плотников в Санкт-Петербурге;0;"Мечтаете о своем деревянном доме? Мы быстро и качественно сможем воплотить Ваши мечты в реальность.Деревянные дома, благотворно влияющие на здоровье, отличаясь комфортностью, превосходно подходят для жизни человека.Изготовленные нашей компанией деревян";Санкт-Петербург
Построим баню, сауну, пристройку, хоз. блок в Санкт-Петербурге;1000;"Построим сауну,баню,хоз.блок по вашему проекту,а так же предложим свои.Произведем расчеты стройматериалов.Выберем хорошие стройматериалы.Качественно и надежно под уровень.Отделка деревом,кафелем,вагонкой.Вагонка сосна,ольха,осина,липа.";Санкт-Петербург
Сауны, бани. Отделка в Санкт-Петербурге;1000;Сауны, бани. Отделка внутренняя от простй до элитной. По Вашему или нашему проекту. Помощь в подборе материала. Монтаж банных печей. Модульные дымоходы.;Санкт-Петербург
Банные комплесы в Санкт-Петербурге;100;Строительство банных комплексов любой сложности из любого материала. Проводка воды, электричества в баню. Установка душевых кабин, купелей. Подключение эл. банных печей и установка дровяных. Монтаж дымоходов. Есть готовы решения по отделке бань. Подбор м;Санкт-Петербург
Все виды плотницких работ в Санкт-Петербурге;0;Русские плотники выполнят все виды отделочных работ, мансардные этажи, лестницы, вагонка, шпунтованные полы и т.д. цены приемлимые, качество отличное!;Санкт-Петербург
Сауна в Санкт-Петербурге;400;Построю теплую и правильную сауну или парилку быстро и качественно соблюдая все нормы.;Санкт-Петербург
Строим Дома и Бани в Санкт-Петербурге;0;"Строительная Компания ООО ""ЗАКАЗ-ДОМ"" - занимается круглогодичным строительством загородных домов из профилированного и сухого бруса, производством брусовых бань под ключ, а также фасадными работами и внутренней отделкой деревянных домов. Наши базовые ко";Санкт-Петербург
Каркасная баня 6х7 м, 76 м. кв., с террасой (ка-01 в Санкт-Петербурге;419900;"Предлагаем услуги по строительству полутораэтажной каркасной бани с террасой (проект КА-01).Размер бани: 6х7 м. Площадь бани: 76 м.кв.В стоимость включены:— нижняя и верхняя обвязки из бруса сечением 150х150мм;— силовой каркас из доски и бруса 150мм с ша";Санкт-Петербург
Демонтаж стен, Разнорабочие, вывоз мусораС40 в Санкт-Петербурге;0;"Рабочие всех специальностейДемонтаж Слом Снос УдалениеПрофессиональные специалисты выполнят грамотный комплекс демонтажных работСнос построек пристроек сооружений навесов строений зданий и т.д.Демонтаж перегородокстен кладка из кирпича пеноблоков и т";Санкт-Петербург
Услуги печника в Санкт-Петербурге;79000;Профессиональный печник, с отличным знанием печного дела, уже более 14 лет кладу печи разного назначения (экономка, шведка, русская), банные печи-каменки, камины (английский, русский, со встроенной топкой, садовый, под наружную отделку-облицовку), дворов;Санкт-Петербург
Демонтаж стен, подсобники, Вывезем мусорД19 в Санкт-Петербурге;0;"Рабочие всех специальностейДемонтаж Слом Снос УдалениеОпытные специалисты выполнят грамотный комплекс демонтажных работСнос строений зданий построек пристроек сооружений навесов и т.д.Демонтаж перегородокстен кладка из кирпича пеноблоков и т.д.Крыши";Санкт-Петербург
Построим баню на Вашем участке в Санкт-Петербурге;140000;Ищем заказы на строительство бани или дома из бруса. Имеем большой опыт. Можем построить каркасные дома. На все работы даем гарантию. Обращайтесь.;Санкт-Петербург
Построим добротную баню в Санкт-Петербурге;135000;Опытные плотники ищем заказы на строительство загородных объектов. Домов, бань, саун или гаражей. Строим качественно и в сроки. Даем гарантию. Низкие цены. До конца сентября подарок - обработка нижнего венца антисептиком! Звоните !;Санкт-Петербург
Плотницкие и отделочные работы в Санкт-Петербурге в Санкт-Петербурге;600;"Плотницкие и отделочные работы в Санкт-Петербурге- Обшивка стен и потолков вагонкой.- Обшивка стен блок-хаусом, имитацией бруса. Начало работ в течение 3 дней, выезд и составление сметы бесплатно.Имеется в наличии материал из Кедра для отделки. Все с";Санкт-Петербург
Строительство загородных домов осень-зима в Санкт-Петербурге;288000;"Реальная цена зависит от размера и комплектации дома. На фото наши работы. изменим размеры ,комплектацию,цену,по вашему заказу.цена включает доставку, разгрузку,и сборку дома на участке заказчикадом с утеплением второго этажакомплектация дома на главн";Санкт-Петербург
Сруб дом баня 3х6+ 2 из профилированного бруса в Санкт-Петербурге;74000;"Обвязка 150х150лаги и балки 100х150 через 60 смстропила 50х150стены профилированный брус 100х150 стоимость комплекта 69 т.р.Изготовление срубов любых размеров и видов из профилированного бруса. В комплекте: обвязка из бруса 150 х 150, балки нижние (л";Санкт-Петербург
Баня емеля небольшая и уютная в Санкт-Петербурге;179000;"Готовая Баня На Вашем Участке уже через 2 недели.Комплектация ГОТОВОЙ БАНИ ПОД КЛЮЧ:(различные планировки)ДУШЕВАЯ КАБИНАБак 50 л. для ВодыТЕН-1,5кВт для подогрева воды для душаНАСОС для создания давления воды в душеПЕЧЬ КАМЕНКА: ЕРМАК (12кВт)Внут";Санкт-Петербург
Строительство для Вас (дома, бани, срубы) в Санкт-Петербурге;27000;Загородное строительство по низким ценам(дома,бани,срубы,бытовки,блокконтейнера,пристройки,гаражи,внутренняя и наружная отделка любой сложности,фундаменты различных видов,кровельные работы.Работаем по договору и без посредников.Качественные материалы из;Санкт-Петербург
Демонтаж стен, Разнорабочие, вывоз мусораИ62 в Санкт-Петербурге;0;"Рабочие всех специальностейДемонтаж Слом Снос УдалениеОпытные специалисты выполнят грамотный комплекс демонтажных работСнос строений построек сооружений пристроекзданий навесов и т.д.Демонтаж стен перегородок кладка из кирпича пеноблоков и т.д.Крыши";Санкт-Петербург
Ручная сборка домов и бань в Санкт-Петербурге;4000;"Наша компания Good Home предлагает для своих клиентов выгодные условия и доступные цены на строительство домов под ключ.Мы предлагаем следующие услуги:- строительство одноэтажных и двухэтажных домов;- отделка домов и коттеджей;- строительство загород";Санкт-Петербург
Соляная комната, соляная пещера в Санкт-Петербурге;35000;Сделаем соляную комнату, стену, пол в вашей квартире на балконе, в кладовке, в ванной от 1 м2;Санкт-Петербург
Монтаж банных печей в Санкт-Петербурге;12000;"ООО ""Печной мастер"" выполнит установку банных печей.Перечень работ:-выезд специалиста на замеры, составление сметы от 1000 руб;-подготовка основания под печь от 1500 руб;-проход потолочных перекрытий с изготовлением противопожарной разделки от 3000 р";Санкт-Петербург
Строительство загородных домов в Санкт-Петербурге;5000;"Загородное строительство из профилированного бруса, дома, бани, коттеджи, каркасные дома.- Качественный, северный лес.- Работаем без предоплаты.- Есть возможность побывать на активных стройках и уже построенных объектах.- Доступная цена.- Договор и";Санкт-Петербург
Бани сауны в Санкт-Петербурге;0;выполню работы по отделке бань и саун отделка под ключ (монтаж вагонки, монтаж печи, электрика, сантехника, монтаж полога, монтаж дверей, полы, вентиляция)работаю один без в/п качество работ хорошее , очень большой профессиональный комплект инструмента,;Санкт-Петербург
Ремонт домов и бань в Санкт-Петербурге;0;Выполню капитальный и частичный ремонт деревянных строений, отделка вагонкой, блокхаусом, имитацией бруса.Монтаж печей и каминов под ключ, электромонтажные и сантехнические работы(кроме отопления и установки счётчиков)качество работ хорошее есть объекты;Санкт-Петербург
Дома из бруса. Качественно, без посредников в Санкт-Петербурге;5000;"--- занимаемся строительством домов и бань из профилированного бруса. От фундамента до кровли. Обеспечим самые выгодные цены по пиломатериалу - своя пилорама и профилировка. Есть готовые проекты, которые можно перепроектировать под индивидуальные пожел";Санкт-Петербург
Печник с опытом работы в Санкт-Петербурге;30000;Печки из кирпича, недорого. Ремонт, прочистка. Варочная плита, духовка, лежанка все по Вашему желанию. Фундамент под печку. Все в кратчайшие, разумные сроки. Звоните договоримся.;Санкт-Петербург
Установка банных и отопительных печей в Санкт-Петербурге;1000;Вы решили в этом году наконец-то заняться вопросом отопления своего загородного жилья, но не знаете с чего начать? В прошлом году поставили баню, но до сих пор не приобрели банную печь? Нужен котел для отопления загородного дома, но не можете выбрать нуж;Санкт-Петербург
"Перевозная баня с печью Теплодар &quot;под ключ&quot; в Санкт-Петербурге";138000;"Баня 6х2,3м из профилированного бруса. 3 помещения: комната отдыха, помывочная, парилка. В комплекте с баней печь ""Теплодар"" Панорама Русь, а также электричество, столик, скамеечки. Баня привозится в готовом виде, разгружается краном-манипулятором на уча";Санкт-Петербург
Баня 7х2.3м с крыльцом перевозная в Санкт-Петербурге;153000;"Перевозная банька 7х2.3м с крылечком и балясинами. очень компактная, привозим в готовом виде, разгружаем и можно мыться. В баню входит все! печь Теплодар ""панорама русь"" (можно заменить на любую другую типа Ермак и др), электричество, столики, скамеечки,";Санкт-Петербург
Печник Печей Каминов Монтаж Дымоходов Бани в Санкт-Петербурге;2000;"Рад предложить вам свои печные услуги- Строительство печей- Каминов- Установка кассет и монтаж облицовок- Мангалов,- Печь-камин, - Банную печь, - Каменку для бани- Русскую печь- Печь шведку- Голландку- Качественная печная кладка.- Монтаж дымо";Санкт-Петербург
Строительство домов, бань. Брус, каркас в Санкт-Петербурге;5000;"Мы занимаемся строительством домов и бань из профилированного бруса, каркасных домов, домов из оцилиндрованного бревна, бань. Строительная фирма построит вам дом, баню, пристройку. Строим из профилированного бруса и по каркасной технологии.Делаем сметы";Санкт-Петербург
Винтовые сваи, подъем домов в Санкт-Петербурге;2000;"Занимаемся установкой свайного фундамента, монтажем ворот/заборов и Подъемом домов. Опыт работы более 3х лет, а это около 1000 довольных заказчиков.Надежные поставщики материалов, опытные рабочие и квалифицированный прораб - все это является гарантом ка";Санкт-Петербург
Собираем дома и бани из проф. бруса в Санкт-Петербурге;0;"Вологодская, с представительством в Санкт-Петербурге, фирма быстро и недорого соберет Вам дачный или для постоянного проживания дом из профилированного бруса. Цены на дома ""под ключ"" от 308 000 рублей. Бани от 210 000 рублей. Свое производство. Вологодск";Санкт-Петербург
Брусовые дома, каркасные. Договор, гарантия в Санкт-Петербурге;6000;"Занимаемся строительством домов из профилированного бруса и каркасных по финской технологии! Мы предлагаем: дома, бани, пристройки. Строим из профилированного бруса, каркасные дома.Доставим на участок заказчика и установим под крышу по всем технологиям";Санкт-Петербург
Беседки, заборы, крыши в Санкт-Петербурге;0;Выполню работы по строительству беседок, террас, заборов. Недорого.Сроки.Качество.;Санкт-Петербург
Строительство домов из бруса под усадку в Санкт-Петербурге;5000;"cтроим срубы, дома, бани из дерева (профилированного бруса). Строительство коттеджей, бань, дачных домиков (из профилированного бруса, каркасные дома) ""под ключ"", в т.ч. по индивидуальным проектам, а также гаражей, беседок, пристройки и т.п. Демонтаж лю";Санкт-Петербург
Cтолярно производство фсин по Новгородской обл в Санкт-Петербурге;0;"Есть оборудование, высоко классные специалисты токори, столяры, но нет работы! Ждем предложения!Наши цены и качество, приятно удивят.";Санкт-Петербург
Внутренняя отделка. Вагонка. Блок-Хаус. Дома. Бани в Санкт-Петербурге;0;Выполним работы по внутренней и наружней отделке вагонкой, блок-хаусом, гипсокартоном, панелями ПВХ и др. материалами. Производим установку дверных и оконных блоков. Монтаж пола и лаг, работы по настилу полов.;Санкт-Петербург
Добротно строим Дома Бани Плотники Отделочники в Санкт-Петербурге;0;Местная Плотницкая бригада грамотных мастеров по загородному строительству с 15 летним опытом и рекомендациями отлично знающих свою работу качественно с гарантией и точные сроки Построим Реконструируем Отделаем любое загородное строение любой сложности и;Санкт-Петербург
Строительство домов из бруса под ключ в Санкт-Петербурге;5000;"Мы осуществляем строительство дома из дерева, делаем отделки. Все это официально, по договору и с гарантией.  Профессионально осуществляет строительство домов из профилированного бруса и по каркасной технологии._________________________________________";Санкт-Петербург
Строительство домов из бруса без отделки в Санкт-Петербурге;5000;"Загородное строительство из дерева (профилированного бруса), дома, бани, коттеджи.Прораб с бригадой плотников (русские) построят вам дом или баню из профилированного бруса, оцилиндрованного бревна либо по каркасной технологии в короткие сроки. Опыт рабо";Санкт-Петербург
Сруб бани 3х3+ 3 в Санкт-Петербурге;36000;"Вид услуги: Ремонт, строительствоСрубы домов и бань напрямую от производителя.____________________________________________________??????? СРОЧНО ПРОДАЕТСЯ ГОТОВЫЙ СРУБ БАНИ ???????Сруб 3х3+3, рубка ""в лапу"". D бр. = 18-22 см. Высота 2.5 м. Зимний лес";Санкт-Петербург
Бытовка баня сарай в Санкт-Петербурге;0;"Продажа готовых и изготовление на заказ в течении 2-х дней,а так же сборка на вашем участке бытовок бань дачных домиков сараев хоз блоков и т.п.Бытовки от 16 000рХоз блок от 11 000рБани от 60 000рДачные домики от 75 000рТак же помимо готовой продукц";Санкт-Петербург
Бытовки бани сараи в Санкт-Петербурге;11000;"Продажа готовых и изготовление по заказ, а так же сборка на участкеУдобная доставка и установка от 5 000рСараи от 11 000рбытовки от 16 000рбани от 55 000рдачные домики от 75 000р+работаем ,ез выходных!+только русские мастера!+круглосуточная боста";Санкт-Петербург
Баня из оцилиндрованного бревна в Санкт-Петербурге;7100;"Изготовление оцилиндрованного бревна без чашек - от 7100 за 1м3.Изготовление оцилиндрованного бревна с чашками - от 7888 за 1м3.Сборка сруба под усадку с устройством стропильной системы и монтажом кровли.Отделка под ключ любым материалом.Установка ды";Санкт-Петербург
Строительство, ремонт дачных построек, бань, домов в Санкт-Петербурге;1000;Опытная бригада русских мастеров построит на Вашем участке дом, или баню из бревна , бруса, или каркасным способом.Перестройка старых домов, замена, или ремонт кровли, отделка помещений. Качество и порядочность - наша визитка более 10 лет.Договорная сист;Санкт-Петербург
Установка дымоходов, каминов, банных печей в Санкт-Петербурге;12000;"Магазин "" Слегким паром"" осуществляет полный комплекс услуг по установке каминов, каминов с облицовкой, банных печей, монтаж котлов отопления, керамических дымоходов. Работаем в любом районе СПб и Лен. области. Качественно и быстро. Договор. Гарантия. С";Санкт-Петербург
Отделка бань и саун под ключ, монтаж дымоходов в Санкт-Петербурге;500;"Магазин "" С легким паром"" предлагает полный комплекс услуг по отделке бань и саун под ключ. Быстро, качественно, недорого!!! Установка полков, вагонки. Звонить с 9.00 до 22.00Сантехника, электрика, теплые полы, плитка.Установка и монтаж печки дровянн";Санкт-Петербург
Герметизация швов в Санкт-Петербурге;150;Герметизация межвенцевого шва на банях и домах из бревна,бруса.Быстро,качественно,не дорого.;Санкт-Петербург
Продается сруб бани 4х5 высотой 2.3 м в Санкт-Петербурге;160000;Сруб бани 4х5 высотой 2.3 мДиаметр бревна от 18 до 30 смВысоту, диаметр бревна можно изменить, так же можем разработать индивидуальный проект, исходя из предпочтений заказчика.Технологии строительства:- оциллиндровка- ручная рубка- профелированный брус-;Санкт-Петербург
Качественно строим Коттеджи Дома Бани в Санкт-Петербурге;0;Местная русская бригада опытных мастеров Плотников с большим стажем в загородном строительстве готова качественно с гарантией выполнить Строительство Реконструкцию Отделку любой сложности любого загородного строения на вашем загородном участке в точные с;Санкт-Петербург
Cтроительство бань в Санкт-Петербурге;0;"Выгодные условия сотрудничества – строить с нами легко и приятно, а каждый начатый проект завершается точно в указанные сроки;Возможность выбрать материалы для постройки, идеально подходящие именно вам/Всегда идем на встречу к клиентузвоните";Санкт-Петербург
Строительство и ремонт на Вашем участке в Санкт-Петербурге;500;"Если у Вас на участке есть работа, до которой никак не доходят руки, мы гарантируем, что выполним ее в самые короткие сроки.Построим, покрасим, подправим, построим!Обратившись к нам Вы получите качественно выполненную работу.";Санкт-Петербург
Услуги по бурению скважин в Санкт-Петербурге;1800;"Телефон 989 44 16 Сайт xn----9sbb9cdhl.xn--p1aiБурение скважин на водуАКЦИЯ!СКИДКИ!БЕЗ ОЧЕРЕДИ!ДЕШЕВЛЕ ВСЕХ!Бурение скважин на водуТелефон 989 44 16 Сайт xn----9sbb9cdhl.xn--p1ai";Санкт-Петербург
Бурение скважин на воду в Санкт-Петербурге;100;"Бурение скважин на водуТЕЛЕФОН УКАЗАН В НАЗВАНИИ!ДЕШЕВЛЕ ВСЕХ!ПРОБУРИМ ХОТЬ СЕГОДНЯ ЗА ОДИН ДЕНЬ!НЕ ПЕРЕБУРИВАЕМ-ДО ПЕРВОЙ ВОДЫ!АКЦИЯ СКВАЖИНА ВСЕГО ЗА 25000 РУБЛЕЙ!ТЕЛЕФОН УКАЗАН В НАЗВАНИИ!Звоните9894416";Санкт-Петербург
Сауны в Санкт-Петербурге;500;Качественно осуществим монтаж сауны в квартире,загородном доме.Составим проект,поставим материал и оборудование.Производим работы любой сложности.Выезд на замер от 350 рур.;Санкт-Петербург
Баня в Санкт-Петербурге;1900;"РУБЛЕННЫЕ БАНИ.ДОМА . СБОРКА. ОТДЕЛКА. ПОДКЛЮЧСрубы от производителя!высота сруба 2,5Стоимость сруба окорённое бревно(в лапу)3х4+2.5м 49 0004х4+2.5м 56 0006?3+2.5 73 0006х4+2.5 89 0006х5+2.5 96 0006х6+2.5 106 000ЛЮБЫЕ РАЗМЕРЫдоговор. гарантии.";Санкт-Петербург
Деревянные бани из карельской сухостойной сосны в Санкт-Петербурге;0;"Строительство из сухостойной сосны KELOНами, YAKKOLA HOME, было построено более 400 KELO®-саун и KELO®-домов за последние 15 лет.KELO®-дом, KELO®-сауна, KELO®-ресторан, KELO®-центр конференции или KELO®-центр хорошего здоровья - YAKKOLA HOME профессион";Санкт-Петербург
Сборка и отделка домов, бань в Санкт-Петербурге;0;"Строительство из профилированного бруса, по каркасной технологии, бани, дома.+++++++++++++++++++++Строительство из собственных пиломатериалов. Производитель.Индивидуальный подход.Рекомендации по строительству.Гарантия качества.Разумные цены.++++++";Санкт-Петербург
Рубленная баня в Санкт-Петербурге;49000;"РУБЛЕННАЯ БАНЯ (СРУБ) + 3 метра с доставкой 49000стропильная система ( крыша)половые и потолочные лагифундаментсборка отделка СОБСТВЕННОЕ ПРОИЗВОДСТВО-ЛЮБЫЕ РАЗМЕРЫ И СПОСОБЫ РУБКИофициальный договоргарантии";Санкт-Петербург
Бурение Скважин на Воду в Санкт-Петербурге;2000;БУРИМ НУ ОЧЕНЬ ДЁШЕВО ПО 2000ТР;Санкт-Петербург
Дома, бани из оцилиндрованного бревна в Санкт-Петербурге;0;"Вы хотите теплый уютный дом? Это возможно!Мы рады помочь Вам в вашем решении и предлагаемкачественные и недорогие дома и бани изоцилиндрованного бревна, каркасныедома, сборка срубов на основе типовыхпроектов, а также по индивидуальному заказу.Помим";Санкт-Петербург
Готовые перевозные бани из бруса от производителя в Санкт-Петербурге;97500;"Перевозная баня из бруса 6?2,3?2,5 Цена: 97 500 рублейПеревозная баня из бруса 7?2,3?2,5 Цена: 99 000 рублейГотовая продукция устанавливается на фундаментные блоки 200*200*400, гидроизоляция - рубероид.Капитальные стены бани собираются из профилиров";Санкт-Петербург
Уникальные вечные банные печи под заказчика и баню в Санкт-Петербурге;50000;Опытный печник и профессиональный сварщик изготовят нержавеющую банную печь с футеровкой (защитой) топливной части жаростойкими материалами. Печи изготавливаются по индивидуальным замерам с учетом всех особенностей парильного помещения. С внешней стороны;Санкт-Петербург
Оборудоваие для бассейнов, химия для бассейнов в Санкт-Петербурге;0;Выполним поставку любого оборудования для бассейнов. Фильтры, станции дозации реагентов, кварцевый песок, УФ-лампы, водонагреватели, теплообменники, емкости накопительные, водные атракционы, фонари и многое другое. Произведем монтаж оборудования с гарант;Санкт-Петербург
Строительство бассейнов в Санкт-Петербурге;0;"Выполним строительство бассейнов ""под ключ"". Поставка необходимого оборудования и его монтаж. Большой опыт работы, обслуживание бассейнов. Минимальные сроки и цены.";Санкт-Петербург
